epoch,train_loss,train_acc,val_loss,val_acc,lr,epoch_time_s,cuda_util_pct_min,cuda_util_pct_avg,cuda_util_pct_max,cuda_mem_util_pct_min,cuda_mem_util_pct_avg,cuda_mem_util_pct_max,gpu_temp_c_min,gpu_temp_c_avg,gpu_temp_c_max,gpu_power_w_min,gpu_power_w_avg,gpu_power_w_max,gpu_clock_sm_mhz_avg,gpu_clock_mem_mhz_avg,gpu_fan_pct_avg,gpu_throttled_any,cpu_pct_min,cpu_pct_avg,cpu_pct_max,ram_used_gb_min,ram_used_gb_avg,ram_used_gb_max,ram_total_gb,disk_read_mb_s_min,disk_read_mb_s_avg,disk_read_mb_s_max,disk_write_mb_s_min,disk_write_mb_s_avg,disk_write_mb_s_max,vram_peak_alloc_gb,vram_peak_reserved_gb,data_wait_s,compute_s
1,1.958467,0.576204,0.550551,0.960802,0.00100000,136.0,98,99.6,100,57,70.0,83,63,64.4,66,236.3,238.1,239.6,2745.0,10801.0,30.6,0,5.8,8.88,17.3,27.16,27.21,27.32,63.16,0.0,0.03,0.13,0.01,0.13,0.48,10.551,13.307,43.52,20.3
2,0.656267,0.935840,0.428929,0.981618,0.00100000,92.1,100,100.0,100,59,69.0,90,63,64.8,68,237.0,238.26,239.3,2742.0,10801.0,31.2,0,5.4,9.54,16.7,29.23,29.26,29.29,63.16,0.0,0.0,0.0,1.71,2.93,3.78,10.551,15.539,1.52,19.88
3,0.539658,0.958248,0.423860,0.984864,0.00100000,92.0,98,99.6,100,56,77.0,93,63,64.8,66,234.6,237.12,238.8,2736.0,10801.0,31.2,0,5.6,9.6,17.3,29.27,29.29,29.32,63.16,0.0,0.0,0.0,1.75,2.94,3.83,10.551,15.539,1.49,19.9
4,0.510497,0.964424,0.420916,0.985464,0.00100000,92.2,97,99.4,100,58,70.6,80,62,65.0,68,236.5,237.4,238.2,2742.0,10801.0,31.2,0,5.6,9.66,16.5,29.25,29.27,29.29,63.16,0.0,0.0,0.0,1.74,2.94,3.82,10.551,15.539,1.55,19.9
5,0.489647,0.969330,0.417346,0.985817,0.00100000,92.2,98,99.6,100,60,74.4,88,61,65.2,67,237.1,237.76,238.6,2742.0,10801.0,31.0,0,5.3,9.46,17.1,29.27,29.3,29.34,63.16,0.0,0.0,0.0,1.73,2.92,3.77,10.551,15.539,1.62,19.89
6,0.477910,0.972076,0.413294,0.986240,0.00100000,92.0,98,99.6,100,59,76.4,90,62,65.2,69,236.6,237.62,238.8,2742.0,10801.0,31.2,0,5.8,9.68,17.2,29.23,29.25,29.3,63.16,0.0,0.0,0.0,1.78,2.94,3.78,10.551,15.539,1.49,19.89
7,0.472057,0.972836,0.410141,0.986522,0.00100000,92.2,98,99.6,100,60,73.6,83,64,65.0,66,234.6,237.22,238.8,2739.0,10801.0,31.0,0,5.7,9.76,16.6,28.53,28.58,28.6,63.16,0.0,0.0,0.0,1.71,2.94,3.76,10.551,15.539,1.65,19.89
8,0.461942,0.975986,0.407556,0.986840,0.00100000,92.0,77,93.2,100,61,71.0,85,63,65.2,67,235.4,236.84,238.3,2739.0,10801.0,31.0,0,5.5,9.3,16.2,28.56,28.58,28.62,63.16,0.0,0.02,0.03,2.42,3.56,6.06,10.551,15.539,1.48,19.89
9,0.457728,0.976266,0.405582,0.987157,0.00100000,92.2,98,99.6,100,58,73.6,90,63,64.4,66,235.8,237.28,238.5,2742.0,10801.0,31.2,0,5.1,9.34,16.6,28.56,28.59,28.61,63.16,0.0,0.0,0.01,1.72,3.42,6.03,10.551,15.539,1.57,19.88
10,0.456037,0.976876,0.404116,0.987087,0.00100000,92.0,100,100.0,100,58,74.6,89,63,64.2,66,235.7,237.74,239.0,2745.0,10801.0,30.8,0,6.0,9.88,17.5,28.58,28.63,28.66,63.16,0.0,0.0,0.01,1.77,2.94,3.81,10.551,15.539,1.51,19.89
11,0.446690,0.979118,0.402332,0.987087,0.00100000,92.1,98,99.6,100,65,70.6,82,63,64.4,66,235.7,237.2,238.5,2733.0,10801.0,31.0,0,5.5,9.74,17.0,28.59,28.62,28.65,63.16,0.0,0.0,0.01,1.73,2.94,3.82,10.551,15.539,1.57,19.89
12,0.444555,0.979348,0.400827,0.987581,0.00100000,92.1,97,99.4,100,61,70.8,84,61,64.2,68,236.0,237.3,238.6,2733.0,10801.0,31.0,0,6.5,10.12,17.2,28.59,28.62,28.65,63.16,0.0,0.0,0.01,1.74,2.98,3.82,10.551,15.539,1.57,19.9
13,0.436553,0.981807,0.400198,0.987369,0.00100000,92.0,98,99.6,100,59,75.8,88,62,63.2,65,234.7,237.1,238.1,2745.0,10801.0,30.8,0,5.2,9.56,18.0,28.65,28.68,28.7,63.16,0.0,0.0,0.01,1.79,2.95,3.79,10.551,15.539,1.51,19.89
14,0.439397,0.980593,0.398580,0.987651,0.00100000,92.0,98,99.6,100,58,78.2,89,60,63.6,65,234.8,236.98,238.7,2745.0,10801.0,30.8,0,5.7,9.66,17.4,28.66,28.68,28.72,63.16,0.0,0.0,0.0,1.72,2.93,3.79,10.551,15.539,1.49,19.88
15,0.438005,0.980867,0.397577,0.987440,0.00100000,92.1,98,99.6,100,62,77.4,90,62,64.6,66,235.4,237.02,238.9,2745.0,10801.0,31.0,0,5.8,9.82,16.6,28.67,28.69,28.72,63.16,0.0,0.0,0.0,1.71,2.94,3.8,10.551,15.539,1.51,19.88
16,0.432268,0.982505,0.396648,0.987545,0.00100000,92.1,98,99.4,100,60,78.6,88,63,64.6,66,236.2,237.76,239.0,2745.0,10801.0,31.2,0,5.5,10.36,19.4,28.7,28.72,28.76,63.16,0.01,0.04,0.1,1.72,3.34,4.65,10.551,15.539,1.55,19.88
17,0.430826,0.982218,0.396286,0.987228,0.00100000,92.0,98,99.6,100,60,73.8,82,62,64.8,66,234.8,237.08,238.5,2745.0,10801.0,31.0,0,5.7,9.6,17.2,28.67,28.7,28.73,63.16,0.0,0.04,0.1,2.36,3.31,4.08,10.551,15.539,1.53,19.89
18,0.430515,0.982654,0.396150,0.987298,0.00100000,92.0,98,99.6,100,67,75.8,87,62,64.4,66,235.0,236.14,236.9,2742.0,10801.0,30.8,0,5.9,10.0,17.9,28.7,28.73,28.77,63.16,0.0,0.01,0.06,1.82,2.96,3.8,10.551,15.539,1.5,19.89
19,0.426129,0.983625,0.395200,0.987263,0.00100000,92.0,100,100.0,100,58,75.2,88,62,64.8,68,236.1,237.58,238.7,2736.0,10801.0,31.0,0,5.8,9.86,17.2,28.66,28.69,28.72,63.16,0.0,0.0,0.01,1.75,3.52,5.43,10.551,15.539,1.5,19.89
20,0.424828,0.983931,0.394075,0.988039,0.00100000,92.0,97,99.4,100,58,71.2,85,61,64.0,67,236.3,237.02,238.1,2745.0,10801.0,31.0,0,5.4,10.0,19.1,28.69,28.71,28.74,63.16,0.0,0.0,0.0,1.79,2.94,3.8,10.551,15.539,1.49,19.88
21,0.423670,0.984267,0.393808,0.988004,0.00100000,92.1,90,97.2,100,66,77.4,84,62,63.8,66,234.5,236.18,237.1,2739.0,10801.0,30.6,0,5.6,9.42,16.2,28.64,28.68,28.72,63.16,0.0,0.0,0.0,1.68,2.92,3.78,10.551,15.539,1.58,19.88
22,0.421595,0.984721,0.393277,0.988145,0.00100000,92.0,98,99.6,100,61,69.8,85,61,63.4,67,234.6,236.94,238.6,2745.0,10801.0,30.8,0,6.1,9.96,17.9,28.66,28.69,28.72,63.16,0.0,0.01,0.04,1.74,3.39,5.35,10.551,15.539,1.53,19.88
23,0.421715,0.984092,0.393057,0.987934,0.00100000,92.2,100,100.0,100,59,73.6,88,61,63.8,66,235.1,236.6,237.9,2745.0,10801.0,30.8,0,5.9,9.98,17.4,28.69,28.7,28.72,63.16,0.0,0.0,0.01,1.65,2.92,3.78,10.551,15.539,1.65,19.88
24,0.418589,0.985512,0.392327,0.988075,0.00100000,92.1,98,99.2,100,62,78.0,86,62,64.2,66,235.2,236.52,237.5,2742.0,10801.0,30.8,0,5.7,9.78,16.7,28.68,28.71,28.74,63.16,0.0,0.0,0.0,1.77,2.96,3.8,10.551,15.539,1.5,19.88
25,0.416572,0.986016,0.391647,0.987969,0.00100000,92.0,100,100.0,100,60,68.8,90,60,63.2,67,236.4,237.36,238.5,2745.0,10801.0,30.8,0,5.4,9.56,16.7,28.69,28.7,28.72,63.16,0.0,0.01,0.06,1.9,2.97,3.8,10.551,15.539,1.47,19.87
26,0.416063,0.985861,0.391100,0.988181,0.00100000,92.0,100,100.0,100,63,80.6,89,61,62.8,64,235.4,237.2,239.2,2742.0,10801.0,30.8,0,5.9,10.44,17.5,28.66,28.72,28.77,63.16,0.0,0.0,0.0,1.79,2.94,3.77,10.551,15.539,1.47,19.87
27,0.418087,0.984983,0.391046,0.988075,0.00100000,92.0,97,99.4,100,53,72.6,91,62,64.0,66,235.9,237.66,239.3,2745.0,10801.0,30.8,0,5.5,9.78,17.5,28.69,28.72,28.75,63.16,0.0,0.0,0.0,1.73,2.95,3.83,10.551,15.539,1.51,19.87
28,0.415082,0.985792,0.390893,0.988145,0.00100000,92.1,98,99.6,100,60,74.6,85,61,64.2,66,235.7,237.24,238.0,2739.0,10801.0,31.0,0,6.7,10.24,17.4,28.7,28.72,28.75,63.16,0.0,0.0,0.02,1.73,2.95,3.79,10.551,15.539,1.52,19.88
29,0.416094,0.985742,0.390852,0.988145,0.00100000,92.1,98,99.6,100,62,71.6,82,61,64.0,67,234.5,236.46,237.6,2739.0,10801.0,30.8,0,6.6,9.82,15.5,28.72,28.74,28.76,63.16,0.0,0.0,0.01,1.81,3.02,3.89,10.551,15.539,1.57,19.92
30,0.412041,0.986658,0.390364,0.988427,0.00100000,92.0,98,99.6,100,62,79.6,88,60,62.8,66,236.0,237.2,238.6,2745.0,10801.0,30.8,0,5.9,10.0,17.1,28.71,28.74,28.77,63.16,0.0,0.0,0.0,1.9,2.97,3.82,10.551,15.539,1.49,19.88
31,0.411364,0.986670,0.390168,0.988427,0.00100000,92.2,100,100.0,100,57,68.8,83,61,64.0,66,235.2,237.02,237.9,2739.0,10801.0,30.8,0,6.2,9.78,16.6,28.58,28.6,28.64,63.16,0.0,0.0,0.0,1.67,2.92,3.82,10.551,15.539,1.62,19.88
32,0.411041,0.986938,0.390064,0.988286,0.00100000,92.1,98,99.6,100,58,81.2,91,61,63.4,66,234.8,237.06,238.5,2745.0,10801.0,31.0,0,5.9,9.96,17.1,28.57,28.6,28.63,63.16,0.0,0.0,0.0,1.71,2.93,3.8,10.551,15.539,1.53,19.88
33,0.411051,0.986869,0.389886,0.988251,0.00100000,92.0,100,100.0,100,58,69.0,90,62,64.2,66,235.8,237.46,238.6,2745.0,10801.0,31.0,0,6.3,9.96,17.3,28.57,28.6,28.65,63.16,0.0,0.0,0.0,1.81,2.94,3.8,10.551,15.539,1.49,19.87
34,0.411672,0.986614,0.390137,0.988251,0.00100000,92.1,98,99.6,100,67,75.2,83,64,65.4,68,234.6,236.42,237.8,2745.0,10801.0,31.0,0,6.7,10.62,18.9,28.58,28.61,28.64,63.16,0.0,0.0,0.0,1.73,2.94,3.85,10.551,15.539,1.54,19.87
35,0.409575,0.986826,0.389797,0.988251,0.00100000,92.1,98,99.2,100,62,79.2,84,61,63.8,67,235.6,237.1,238.8,2739.0,10801.0,31.0,0,6.3,10.46,18.4,28.57,28.58,28.58,63.16,0.0,0.03,0.15,1.19,2.54,4.56,10.551,15.539,1.59,19.89
36,0.409140,0.986944,0.390244,0.988110,0.00100000,92.2,98,99.2,100,55,73.0,86,64,65.4,67,236.4,237.82,239.4,2745.0,10801.0,31.0,0,6.0,10.16,16.8,28.58,28.6,28.63,63.16,0.0,0.0,0.0,1.73,2.92,3.73,10.551,15.539,1.66,19.88
37,0.406253,0.987940,0.389783,0.988039,0.00100000,92.0,100,100.0,100,58,74.0,89,63,64.8,68,236.2,237.34,238.1,2733.0,10801.0,31.2,0,6.3,9.98,16.6,28.55,28.57,28.58,63.16,0.0,0.0,0.0,1.18,2.05,2.89,10.551,15.539,1.52,19.89
38,0.406969,0.987560,0.389460,0.988145,0.00100000,92.1,98,99.2,100,51,77.0,91,63,64.8,67,235.2,236.8,239.1,2739.0,10801.0,31.2,0,7.3,10.62,16.5,28.58,28.62,28.66,63.16,0.0,0.0,0.0,2.14,3.31,4.81,10.551,15.539,1.55,19.88
39,0.405180,0.988071,0.389223,0.988251,0.00100000,92.1,92,97.6,100,67,76.6,84,64,64.6,65,236.6,238.02,239.2,2739.0,10801.0,30.8,0,6.8,10.82,17.1,28.59,28.63,28.64,63.16,0.0,0.0,0.0,1.81,2.97,3.87,10.551,15.539,1.49,19.88
40,0.409655,0.986963,0.389360,0.988286,0.00100000,92.0,98,99.6,100,57,74.8,87,58,63.4,66,237.4,238.42,239.5,2745.0,10801.0,31.2,0,6.8,10.4,17.8,28.6,28.63,28.67,63.16,0.0,0.0,0.0,1.7,2.93,3.79,10.551,15.539,1.52,19.88
41,0.403010,0.988420,0.389133,0.988322,0.00100000,92.0,97,99.4,100,67,73.2,82,63,65.4,68,236.0,236.74,237.5,2736.0,10801.0,31.0,0,7.1,10.42,16.9,28.57,28.59,28.61,63.16,0.0,0.0,0.0,1.16,2.03,2.85,10.551,15.539,1.53,19.9
42,0.402484,0.988974,0.388934,0.988075,0.00100000,92.0,97,99.4,100,58,70.0,84,64,64.8,66,235.9,237.34,238.4,2745.0,10801.0,31.0,0,6.3,10.96,19.0,28.64,28.67,28.69,63.16,0.0,0.0,0.0,1.74,2.97,3.92,10.551,15.539,1.49,19.88
43,0.404607,0.988407,0.389170,0.988110,0.00100000,92.1,98,99.6,100,60,74.2,83,62,65.0,67,236.2,237.64,238.9,2745.0,10801.0,31.2,0,6.7,10.84,19.8,28.66,28.68,28.72,63.16,0.0,0.0,0.0,1.71,2.93,3.77,10.551,15.539,1.56,19.89
44,0.404253,0.988164,0.389370,0.988251,0.00100000,92.0,98,99.6,100,61,80.4,90,62,64.2,66,235.8,237.64,238.9,2739.0,10801.0,31.2,0,5.7,10.36,18.4,28.63,28.65,28.66,63.16,0.0,0.0,0.0,1.18,2.05,2.84,10.551,15.539,1.47,19.88
45,0.403944,0.988077,0.389232,0.988145,0.00100000,92.2,100,100.0,100,60,77.2,90,61,64.6,67,235.6,237.42,238.8,2745.0,10801.0,31.2,0,5.5,10.08,17.9,28.62,28.65,28.67,63.16,0.0,0.0,0.0,1.75,2.84,5.12,10.551,15.539,1.61,19.88
46,0.405553,0.987685,0.389399,0.988075,0.00100000,92.0,99,99.8,100,61,75.2,87,62,64.8,67,235.5,237.06,238.0,2745.0,10801.0,31.2,0,5.6,10.44,18.4,28.62,28.64,28.67,63.16,0.0,0.0,0.0,1.18,2.28,3.12,10.551,15.539,1.49,19.88
47,0.403194,0.988426,0.389383,0.988039,0.00100000,92.2,98,99.6,100,54,75.6,86,64,66.2,68,234.8,236.92,238.0,2733.0,10801.0,31.0,0,5.2,10.1,19.3,28.64,28.65,28.66,63.16,0.0,0.0,0.0,1.19,2.03,2.83,10.551,15.539,1.62,19.89
48,0.400396,0.989148,0.389189,0.987898,0.00100000,92.2,98,99.6,100,61,70.2,85,62,64.0,65,235.0,236.82,238.4,2739.0,10801.0,31.2,0,5.3,9.7,18.1,28.64,28.65,28.66,63.16,0.0,0.02,0.11,1.14,2.52,4.1,10.551,15.539,1.66,19.89
49,0.402670,0.988407,0.388936,0.988216,0.00100000,92.0,98,99.2,100,54,74.6,92,63,64.6,66,234.1,236.38,237.9,2745.0,10801.0,31.0,0,5.9,9.76,17.9,28.67,28.69,28.72,63.16,0.0,0.0,0.0,1.16,2.03,2.84,10.551,15.539,1.54,19.88
50,0.399143,0.989160,0.388973,0.988181,0.00100000,92.0,98,99.6,100,58,79.8,91,60,64.2,67,234.6,236.62,237.9,2742.0,10801.0,31.0,0,5.1,9.56,17.0,28.66,28.7,28.73,63.16,0.0,0.15,0.7,1.35,2.09,2.95,10.551,15.539,1.47,19.88
51,0.396913,0.989908,0.388703,0.988286,0.00100000,92.2,98,99.6,100,58,68.2,85,61,63.8,67,234.3,236.24,237.1,2736.0,10801.0,31.0,0,5.4,9.42,17.3,28.65,28.68,28.72,63.16,0.0,0.04,0.11,1.14,2.29,3.51,10.551,15.539,1.56,19.89
52,0.399013,0.989596,0.388359,0.988357,0.00100000,92.0,98,99.6,100,60,73.4,89,61,63.8,68,235.5,236.96,238.6,2745.0,10801.0,31.0,0,5.2,9.16,16.9,28.69,28.72,28.75,63.16,0.0,0.01,0.03,1.77,2.94,3.8,10.551,15.539,1.5,19.87
53,0.401164,0.988837,0.388480,0.988181,0.00100000,92.0,97,99.4,100,57,70.0,81,64,65.2,67,234.2,236.54,238.4,2745.0,10801.0,31.2,0,5.4,9.14,16.2,28.68,28.71,28.75,63.16,0.0,0.0,0.0,1.73,2.93,3.78,10.551,15.539,1.49,19.88
54,0.397610,0.989739,0.388257,0.988145,0.00100000,92.0,100,100.0,100,61,73.8,86,63,64.4,66,234.9,237.08,238.1,2745.0,10801.0,31.2,0,5.5,9.64,16.6,28.69,28.7,28.72,63.16,0.0,0.0,0.01,1.21,2.06,2.85,10.551,15.539,1.45,19.88
55,0.399966,0.989160,0.388027,0.988181,0.00100000,92.0,98,99.6,100,54,78.2,86,64,64.8,66,235.8,236.9,237.7,2739.0,10801.0,31.0,0,5.2,9.2,16.6,28.71,28.74,28.78,63.16,0.0,0.01,0.03,1.9,3.0,3.92,10.551,15.539,1.47,19.88
56,0.398319,0.989117,0.388052,0.988392,0.00100000,92.1,98,99.6,100,54,76.2,84,60,63.2,65,235.1,236.88,238.9,2745.0,10801.0,31.0,0,5.0,9.28,16.6,28.7,28.72,28.74,63.16,0.0,0.01,0.02,1.72,3.54,5.97,10.551,15.539,1.61,19.89
57,0.398463,0.989615,0.387913,0.988392,0.00100000,92.1,98,99.6,100,54,76.6,93,63,64.4,65,234.6,236.38,238.1,2745.0,10801.0,31.0,0,5.1,9.18,16.5,28.56,28.57,28.58,63.16,0.0,0.0,0.0,1.25,2.06,2.86,10.551,15.539,1.59,19.88
58,0.397118,0.989839,0.387652,0.988604,0.00100000,92.0,97,99.4,100,55,72.4,92,62,64.2,66,234.7,236.3,237.5,2742.0,10801.0,31.2,0,5.2,9.56,16.6,28.59,28.62,28.65,63.16,0.0,0.0,0.0,1.8,2.94,3.82,10.551,15.539,1.49,19.87
59,0.396791,0.990069,0.387583,0.988604,0.00100000,92.1,98,99.2,100,50,76.4,90,63,64.4,65,234.8,235.9,236.3,2733.0,10801.0,31.0,0,5.0,9.26,17.1,28.57,28.59,28.62,63.16,0.0,0.0,0.02,1.75,2.95,3.81,10.551,15.539,1.51,19.9
60,0.395501,0.990107,0.387608,0.988674,0.00100000,92.0,98,99.6,100,61,80.0,87,63,63.8,66,234.8,236.42,237.7,2739.0,10801.0,30.8,0,5.7,9.68,16.7,28.61,28.63,28.65,63.16,0.0,0.01,0.04,1.73,2.98,4.08,10.551,15.539,1.51,19.88
61,0.396569,0.989683,0.387676,0.988569,0.00100000,92.0,100,100.0,100,58,67.8,86,61,63.6,65,236.1,237.0,237.8,2745.0,10801.0,30.8,0,5.1,9.36,16.9,28.58,28.59,28.61,63.16,0.0,0.0,0.01,1.18,2.47,3.83,10.551,15.539,1.52,19.88
62,0.396299,0.989883,0.387574,0.988780,0.00100000,92.2,97,99.0,100,58,77.4,84,62,63.6,65,234.2,236.42,238.8,2745.0,10801.0,30.8,0,5.5,9.72,16.7,28.58,28.61,28.66,63.16,0.0,0.0,0.01,1.14,2.09,2.86,10.551,15.539,1.52,19.87
63,0.395797,0.989696,0.387628,0.988710,0.00100000,92.0,98,99.2,100,60,77.8,92,63,64.6,67,235.3,236.28,237.5,2745.0,10801.0,30.8,0,5.2,9.5,16.8,28.58,28.63,28.67,63.16,0.0,0.0,0.0,1.75,2.94,3.78,10.551,15.539,1.5,19.88
64,0.395083,0.989852,0.387552,0.988498,0.00100000,92.0,100,100.0,100,59,76.6,90,64,64.4,66,234.5,236.78,238.3,2739.0,10801.0,31.0,0,5.3,9.6,17.3,28.6,28.61,28.63,63.16,0.0,0.0,0.0,1.15,2.03,2.84,10.551,15.539,1.49,19.88
65,0.394839,0.990076,0.387702,0.988604,0.00100000,92.1,98,99.2,100,55,76.4,92,60,64.0,66,233.7,236.12,238.2,2745.0,10801.0,31.0,0,5.4,9.24,16.4,28.62,28.65,28.68,63.16,0.0,0.0,0.0,1.76,2.95,3.81,10.551,15.539,1.5,19.88
66,0.394875,0.990125,0.387225,0.988674,0.00100000,92.0,98,99.6,100,68,76.6,88,62,65.0,67,234.8,236.46,237.8,2745.0,10801.0,31.0,0,5.2,9.1,16.1,28.59,28.61,28.65,63.16,0.0,0.0,0.0,1.2,2.05,2.87,10.551,15.539,1.5,19.87
67,0.392270,0.990860,0.387354,0.988604,0.00100000,92.1,100,100.0,100,58,71.8,90,62,64.0,68,235.2,236.52,238.0,2745.0,10801.0,30.8,0,5.4,9.28,15.9,28.64,28.66,28.69,63.16,0.0,0.0,0.0,1.72,2.94,3.82,10.551,15.539,1.58,19.89
68,0.392021,0.990985,0.387300,0.988816,0.00100000,92.0,98,99.4,100,61,79.2,88,62,63.4,65,234.2,236.32,237.7,2745.0,10801.0,31.0,0,5.1,9.44,16.0,28.63,28.65,28.66,63.16,0.0,0.0,0.01,1.2,2.12,2.86,10.551,15.539,1.49,19.87
69,0.395276,0.989783,0.387283,0.988639,0.00100000,92.2,100,100.0,100,58,76.2,91,63,64.4,67,234.4,236.88,238.5,2745.0,10801.0,30.8,0,5.4,9.48,17.7,28.62,28.64,28.65,63.16,0.0,0.0,0.0,1.17,2.04,2.84,10.551,15.539,1.54,19.88
70,0.394156,0.990157,0.387290,0.988710,0.00100000,92.1,98,99.6,100,51,75.8,90,62,64.6,67,235.5,236.34,237.2,2742.0,10801.0,31.0,0,5.3,9.14,15.8,28.63,28.64,28.67,63.16,0.0,0.0,0.0,1.14,2.02,2.84,10.551,15.539,1.56,19.89
71,0.391321,0.990904,0.387355,0.988604,0.00100000,92.1,100,100.0,100,57,72.4,86,61,64.4,68,234.7,235.54,236.8,2742.0,10801.0,31.0,0,5.6,9.42,16.3,28.63,28.66,28.72,63.16,0.0,0.02,0.06,1.15,2.16,2.86,10.551,15.539,1.54,19.88
72,0.394431,0.990163,0.387406,0.988604,0.00100000,92.0,99,99.8,100,61,75.2,90,62,63.4,65,233.7,236.12,237.5,2742.0,10801.0,30.8,0,5.4,9.26,16.1,28.64,28.65,28.68,63.16,0.0,0.01,0.07,1.15,2.08,2.86,10.551,15.539,1.49,19.89
73,0.391138,0.991389,0.387431,0.988604,0.00100000,92.1,98,99.6,100,66,74.8,92,60,63.8,66,232.8,236.08,237.6,2742.0,10801.0,30.8,0,5.5,9.42,15.7,28.63,28.65,28.68,63.16,0.0,0.0,0.0,1.13,2.03,2.89,10.551,15.539,1.59,19.89
74,0.391639,0.990817,0.387315,0.988427,0.00100000,92.1,98,99.6,100,59,69.6,84,60,63.2,66,235.2,236.92,238.4,2745.0,10801.0,30.6,0,5.0,9.16,16.4,28.65,28.66,28.67,63.16,0.0,0.0,0.0,1.16,2.05,2.88,10.551,15.539,1.47,19.88
75,0.391337,0.991022,0.387613,0.988145,0.00100000,92.1,97,99.4,100,76,80.2,90,63,63.6,65,234.9,236.46,237.9,2745.0,10801.0,30.8,0,5.3,9.3,16.4,28.63,28.66,28.69,63.16,0.0,0.0,0.0,1.14,2.02,2.84,10.551,15.539,1.59,19.88
76,0.390794,0.991153,0.387560,0.988357,0.00100000,92.1,98,99.6,100,51,75.8,92,60,63.0,66,234.6,236.76,238.4,2739.0,10801.0,30.8,0,5.2,9.36,16.4,28.63,28.64,28.66,63.16,0.0,0.0,0.0,1.13,2.03,2.85,10.551,15.539,1.55,19.88
77,0.389453,0.991315,0.387972,0.988216,0.00100000,92.1,98,99.6,100,65,77.2,85,63,65.0,67,235.6,236.92,238.3,2736.0,10801.0,30.8,0,5.3,9.24,16.3,28.64,28.66,28.68,63.16,0.0,0.0,0.0,1.21,2.05,2.85,10.551,15.539,1.53,19.89
78,0.388227,0.992018,0.388003,0.988357,0.00100000,92.0,97,99.4,100,56,70.8,83,62,65.0,67,235.2,236.62,238.3,2745.0,10801.0,30.8,0,5.7,9.56,16.8,28.69,28.73,28.76,63.16,0.0,0.0,0.0,1.16,2.08,2.83,10.551,15.539,1.57,19.88
79,0.389451,0.991582,0.387752,0.988251,0.00100000,92.1,100,100.0,100,58,73.2,90,61,63.4,67,237.3,238.0,238.5,2745.0,10801.0,31.0,0,5.2,9.44,16.9,28.69,28.72,28.73,63.16,0.0,0.0,0.0,1.16,2.02,2.83,10.551,15.539,1.52,19.88
80,0.393223,0.990636,0.387720,0.988145,0.00100000,92.0,98,99.2,100,58,71.8,85,61,63.0,65,235.3,237.54,238.4,2736.0,10801.0,30.6,0,5.5,9.88,17.3,28.71,28.73,28.76,63.16,0.0,0.01,0.05,1.17,2.06,2.99,10.551,15.539,1.46,19.89
81,0.390671,0.991240,0.387691,0.988216,0.00100000,91.9,98,99.6,100,59,79.2,90,60,63.2,66,236.3,237.8,238.5,2745.0,10801.0,31.0,0,5.5,9.26,16.0,28.69,28.72,28.75,63.16,0.0,0.0,0.0,1.18,2.08,2.89,10.551,15.539,1.47,19.88
